run,file,round,fitness,diversity,novelty,high
AAV_hard_0_15_19_50,,,,,,
AAV_medium_0_13_18_23,1.txt,0,0.028018927201628685,2.0,0.0,21.0
AAV_medium_0_13_55_57,1.txt,0,0.36770308017730713,14.0,0.0,8.0
AAV_medium_0_13_55_57,2.txt,1,0.3954887390136719,13.0,1.0,8.0
AAV_medium_0_13_55_57,3.txt,2,0.44812095165252686,12.0,5.0,7.0
AAV_medium_0_13_55_57,4.txt,3,0.48981231451034546,10.0,5.0,6.0
AAV_medium_0_13_55_57,5.txt,4,0.5437444448471069,8.0,5.0,5.0
AAV_medium_0_13_55_57,6.txt,5,0.5785592794418335,7.0,6.0,4.0
AAV_medium_0_13_55_57,7.txt,6,0.6030476093292236,6.0,5.0,4.0
AAV_medium_0_13_55_57,8.txt,7,0.6189296245574951,6.0,5.0,4.0
AAV_medium_0_13_55_57,9.txt,8,0.6354264616966248,5.0,5.0,4.0
AAV_medium_0_13_55_57,10.txt,9,0.646323561668396,5.0,5.0,4.0
AAV_medium_0_13_55_57,11.txt,10,0.6552853584289551,4.0,6.0,4.0
AAV_medium_0_13_55_57,12.txt,11,0.6668835878372192,4.0,6.0,4.0
AAV_medium_0_13_55_57,13.txt,12,0.6724739074707031,4.0,6.0,4.0
AAV_medium_0_13_55_57,14.txt,13,0.6779088973999023,4.0,6.0,4.0
AAV_medium_0_13_55_57,15.txt,14,0.6808183193206787,4.0,6.0,4.0
AAV_medium_0_13_55_57,16.txt,15,0.6824315190315247,4.0,6.0,4.0
AAV_medium_0_15_15_27,1.txt,0,0.028018927201628685,2.0,0.0,21.0
AAV_medium_0_15_36_02,1.txt,0,0.028018927201628685,2.0,0.0,21.0
AAV_medium_0_18_00_05,1.txt,0,-0.0001922629016917199,2.0,0.0,21.0
AAV_medium_0_18_00_05,2.txt,1,-0.0001922629016917199,2.0,0.0,21.0
AAV_medium_0_18_00_05,3.txt,2,-0.0001922629016917199,2.0,0.0,21.0
AAV_medium_0_18_00_05,4.txt,3,-0.0001922629016917199,2.0,0.0,21.0
AAV_medium_0_18_00_05,5.txt,4,-0.0001922629016917199,2.0,0.0,21.0
AAV_medium_0_18_00_05,6.txt,5,-0.0001922629016917199,2.0,0.0,21.0
AAV_medium_0_18_00_05,7.txt,6,-0.0001922629016917199,2.0,0.0,21.0
AAV_medium_0_18_00_05,8.txt,7,-0.0001922629016917199,2.0,0.0,21.0
AAV_medium_0_18_12_43,1.txt,0,0.028018927201628685,2.0,0.0,21.0
AAV_medium_0_19_03_38,1.txt,0,0.008730687201023102,2.0,0.0,21.0
AAV_medium_0_20_00_10,,,,,,
AAV_medium_0_20_05_30,,,,,,
AAV_medium_0_20_15_12,1.txt,0,0.006851973943412304,2.0,0.0,21.0
AAV_medium_0_22_12_28,1.txt,0,-0.007792833261191845,2.0,0.0,21.0
AAV_medium_0_22_12_28,2.txt,1,-0.007792833261191845,2.0,0.0,21.0
AAV_medium_0_22_23_21,,,,,,
AAV_medium_0_22_50_14,1.txt,0,0.028018927201628685,2.0,0.0,21.0
AAV_medium_0_22_50_14,2.txt,1,0.028018927201628685,2.0,0.0,21.0
AAV_medium_0_22_50_14,3.txt,2,0.028018927201628685,2.0,0.0,21.0
AAV_medium_0_22_50_14,4.txt,3,0.028018927201628685,2.0,0.0,21.0
AAV_medium_0_22_50_14,5.txt,4,0.028018927201628685,2.0,0.0,21.0
AAV_medium_0_22_50_14,6.txt,5,0.028018927201628685,2.0,0.0,21.0
AAV_medium_0_22_50_14,7.txt,6,0.028018927201628685,2.0,0.0,21.0
AAV_medium_0_22_50_14,8.txt,7,0.028018927201628685,2.0,0.0,21.0
AAV_medium_0_22_50_14,9.txt,8,0.028018927201628685,2.0,0.0,21.0
AAV_medium_0_23_55_47,1.txt,0,0.028018927201628685,2.0,0.0,21.0
AAV_medium_0_23_55_47,2.txt,1,0.028018927201628685,2.0,0.0,21.0
AAV_medium_0_23_55_47,3.txt,2,0.028018927201628685,2.0,0.0,21.0
AAV_medium_0_23_55_47,4.txt,3,0.028018927201628685,2.0,0.0,21.0
AAV_medium_0_23_55_47,5.txt,4,0.028018927201628685,2.0,0.0,21.0
AAV_medium_0_23_55_47,6.txt,5,0.028018927201628685,2.0,0.0,21.0
AAV_medium_0_23_55_47,7.txt,6,0.028018927201628685,2.0,0.0,21.0
