log,evaluation_blocks,last_new_best_printed,bytes,md5
ablation_all.log,4,0.664842,2559086,06c3c016fa64fbe15acec705557036b7
ablation_blosum.log,4,0.762917,2561384,01875ce2efe7a4e3c465c8b9f3695a77
ablation_entropy.log,4,0.665801,2562901,56a797c4dcb5a294a69f0b71a3b6c7e9
ablation_none.log,4,0.712241,2556237,7ae0f4a5b142c6f8247b3f9a43664e45
ablation_size.log,4,0.737261,2556998,88ba966b28f938bba1d3342c3ab851e3
dhfr_blosum_run.log,4,0.715146,2557696,be53812d0bad1d6a1b339ff1a6aac5b2
dhfr_training.log,2,0.711504,9372474,8fdadd006c4067caeb2ca4e67f52c08f
final_run.log,4,0.715154,2556858,38a307fccaf598797b5f699b329beea4
ppo_baseline_106.log,4,0.742057,113701,f6642e9cdce66c698bc48458b174be35
ppo_cold_start_109.log,0,,3322,0b02a53ea0702ad49de558fdf572b44f
ppo_cold_start_109_v2.log,0,0.663143,6735,2fa5b84d5f1dbb55c9c90bd416e7948f
ppo_confirmation_107.log,4,0.783844,123249,3386996d874520dac1f6f9fe5b7c5ad2
ppo_dense_113.log,10,0.784095,227860,9de4fc5f578b747072dc1cc61c12933e
ppo_hard_112.log,0,,2179,098f3b0d61da5707d1d99f1e2ed5fe38
ppo_production_108.log,2,0.737054,71593,3fa997a6d3c29197622ab1fa37383e50
ppo_unconstrained_110.log,0,0.715615,30464,0c5280ea469f79482e963f4305ec68bd
ppo_unconstrained_111.log,10,0.814751,213341,f70f91887e2e954d1a605499496deaf4
sac_cold_start_213.log,0,,3793,60f6eb568f76c29be2f0a95f7b464f90
sac_cold_start_213_v2.log,4,0.740476,194368,dbde5d04904bdf01aa3f1bc1bf6f0450
sac_dense_215.log,4,0.703439,193250,d010d360c4b84f61c4620da6b9c05f68
sac_final_v2.log,24,0.318085,82278,6c4f949cbf696b1a9ae9518a090cc2e2
sac_fresh.log,42,0.326497,143069,347621347154693c12b55832d8fd152b
sac_hard_214.log,0,,2196,267f9d75781ff0c02332bf0994ec08d1
sac_high_delta_210.log,4,0.713340,193303,f17c9e8c1d24a50834f62bb693fa171e
sac_high_entropy_212.log,4,0.659387,191992,ea94e8e7df376729a81f68aa1ca08a52
sac_isolated.log,13,0.320729,41657,4007417dd3314b52a8468de835fef691
sac_run.log,59,0.342229,201386,69a3f64b4210b1ae1bf03717be1ec3ce
sac_unconstrained_211.log,4,0.709463,200516,3d8b33c39ecf1399a233f1356095cce6
