log,round,avg_fitness_top128,diversity,novelty,highest_in_batch,global_max,initial_max,pct_improvement,unique_sequences,oracle_calls
ablation_all.log,1,-4.480017,2.000000,0.000000,2.000000,0.311339,0.311339,0.00,128,3840
ablation_all.log,2,-4.418118,3.000000,1.000000,3.000000,0.761359,0.311339,144.54,254,7680
ablation_all.log,3,-4.374030,3.000000,1.000000,3.000000,0.761359,0.311339,144.54,323,11520
ablation_all.log,4,-4.376846,3.000000,1.000000,3.000000,0.788487,0.311339,153.26,361,15360
ablation_blosum.log,1,-4.480017,2.000000,0.000000,2.000000,0.311339,0.311339,0.00,128,3840
ablation_blosum.log,2,-4.411205,3.000000,1.000000,3.000000,0.762917,0.311339,145.04,254,7680
ablation_blosum.log,3,-4.384398,3.000000,1.000000,3.000000,0.766230,0.311339,146.11,319,11520
ablation_blosum.log,4,-4.367587,3.000000,1.000000,3.000000,0.774347,0.311339,148.72,346,15360
ablation_entropy.log,1,-4.480017,2.000000,0.000000,2.000000,0.311339,0.311339,0.00,128,3840
ablation_entropy.log,2,-4.401456,3.000000,1.000000,3.000000,0.763691,0.311339,145.29,255,7680
ablation_entropy.log,3,-4.364798,3.000000,1.000000,3.000000,0.791205,0.311339,154.13,316,11520
ablation_entropy.log,4,-4.383005,3.000000,1.000000,3.000000,0.838963,0.311339,169.47,362,15360
ablation_none.log,1,-4.480017,2.000000,0.000000,2.000000,0.311339,0.311339,0.00,128,3840
ablation_none.log,2,-4.417749,3.000000,1.000000,3.000000,0.765655,0.311339,145.92,253,7680
ablation_none.log,3,-4.395478,3.000000,1.000000,3.000000,0.768964,0.311339,146.99,307,11520
ablation_none.log,4,-4.386820,3.000000,1.000000,3.000000,0.768964,0.311339,146.99,336,15360
ablation_size.log,1,-4.480017,2.000000,0.000000,2.000000,0.311339,0.311339,0.00,128,3840
ablation_size.log,2,-4.424887,3.000000,0.000000,2.000000,0.785841,0.311339,152.41,252,7680
ablation_size.log,3,-4.410357,3.000000,1.000000,3.000000,0.785841,0.311339,152.41,321,11520
ablation_size.log,4,-4.429235,3.000000,1.000000,3.000000,0.832161,0.311339,167.28,368,15360
dhfr_blosum_run.log,1,-4.480017,2.000000,0.000000,2.000000,0.311339,0.311339,0.00,128,3840
dhfr_blosum_run.log,2,-4.410357,3.000000,1.000000,3.000000,0.767167,0.311339,146.41,253,7680
dhfr_blosum_run.log,3,-4.371814,3.000000,1.000000,3.000000,0.767167,0.311339,146.41,311,11520
dhfr_blosum_run.log,4,-4.360167,3.000000,1.000000,3.000000,0.767167,0.311339,146.41,342,15360
dhfr_training.log,1,-4.480017,2.000000,0.000000,2.000000,0.311339,0.311339,0.00,128,3840
dhfr_training.log,2,-4.410725,3.000000,1.000000,3.000000,0.808563,0.311339,159.70,253,7680
final_run.log,1,-4.480017,2.000000,0.000000,2.000000,0.311339,0.311339,0.00,128,3840
final_run.log,2,-4.414296,3.000000,1.000000,3.000000,0.770325,0.311339,147.42,253,7680
final_run.log,3,-4.406066,3.000000,1.000000,3.000000,0.770325,0.311339,147.42,316,11520
final_run.log,4,-4.403736,3.000000,1.000000,3.000000,0.770325,0.311339,147.42,362,15360
ppo_baseline_106.log,1,-4.430256,3.000000,1.000000,3.000000,0.792049,0.311339,154.40,128,3840
ppo_baseline_106.log,2,-4.438679,3.000000,1.000000,3.000000,0.839717,0.311339,169.71,196,7680
ppo_baseline_106.log,3,-4.439797,3.000000,2.000000,4.000000,0.840726,0.311339,170.04,221,11520
ppo_baseline_106.log,4,-4.440564,3.000000,2.000000,4.000000,0.843008,0.311339,170.77,250,15360
ppo_confirmation_107.log,1,-4.402154,3.000000,1.000000,3.000000,0.765636,0.311339,145.92,128,3840
ppo_confirmation_107.log,2,-4.377351,3.000000,1.000000,3.000000,0.765636,0.311339,145.92,168,7680
ppo_confirmation_107.log,3,-4.426865,3.000000,1.000000,3.000000,0.790708,0.311339,153.97,239,11520
ppo_confirmation_107.log,4,-4.439244,3.000000,1.000000,3.000000,0.832822,0.311339,167.50,279,15360
ppo_dense_113.log,1,-4.432844,3.000000,1.000000,3.000000,0.840568,0.311339,169.98,128,3840
ppo_dense_113.log,2,-4.439476,3.000000,1.000000,3.000000,0.840568,0.311339,169.98,188,7680
ppo_dense_113.log,3,-4.446053,3.000000,2.000000,4.000000,0.840568,0.311339,169.98,219,11520
ppo_dense_113.log,4,-4.444023,3.000000,2.000000,4.000000,0.840568,0.311339,169.98,240,15360
ppo_dense_113.log,5,-4.438679,3.000000,2.000000,4.000000,0.842301,0.311339,170.54,258,19200
ppo_dense_113.log,6,-4.439587,3.000000,2.000000,4.000000,0.842301,0.311339,170.54,268,23040
ppo_dense_113.log,7,-4.439587,3.000000,2.000000,4.000000,0.842301,0.311339,170.54,284,26880
ppo_dense_113.log,8,-4.441638,3.000000,2.000000,4.000000,0.842301,0.311339,170.54,291,30720
ppo_dense_113.log,9,-4.438008,3.000000,2.000000,4.000000,0.842301,0.311339,170.54,302,34560
ppo_dense_113.log,10,-4.439244,4.000000,2.000000,4.000000,0.842301,0.311339,170.54,317,38400
ppo_production_108.log,1,-4.360713,3.000000,1.000000,3.000000,0.762131,0.311339,144.79,128,3840
ppo_production_108.log,2,-4.364287,3.000000,1.000000,3.000000,0.762131,0.311339,144.79,177,7680
ppo_unconstrained_111.log,1,-4.418118,3.000000,1.000000,3.000000,0.793452,0.311339,154.85,128,3840
ppo_unconstrained_111.log,2,-4.443642,4.000000,1.000000,3.000000,0.840085,0.311339,169.83,217,7680
ppo_unconstrained_111.log,3,-4.443285,4.000000,2.000000,4.000000,0.840085,0.311339,169.83,259,11520
ppo_unconstrained_111.log,4,-4.435217,4.000000,2.000000,4.000000,0.840085,0.311339,169.83,290,15360
ppo_unconstrained_111.log,5,-4.438008,4.000000,2.000000,4.000000,0.840085,0.311339,169.83,305,19200
ppo_unconstrained_111.log,6,-4.438008,3.000000,2.000000,4.000000,0.840085,0.311339,169.83,322,23040
ppo_unconstrained_111.log,7,-4.444316,4.000000,2.000000,4.000000,0.840085,0.311339,169.83,340,26880
ppo_unconstrained_111.log,8,-4.461363,4.000000,2.000000,4.000000,0.840085,0.311339,169.83,363,30720
ppo_unconstrained_111.log,9,-4.467659,4.000000,2.000000,4.000000,0.865746,0.311339,178.07,379,34560
ppo_unconstrained_111.log,10,-4.477856,4.000000,2.000000,4.000000,0.865746,0.311339,178.07,391,38400
sac_cold_start_213_v2.log,1,-4.430138,3.000000,1.000000,3.000000,0.836435,0.311339,168.66,128,3840
sac_cold_start_213_v2.log,2,-4.426901,4.000000,1.000000,3.000000,0.836435,0.311339,168.66,210,7680
sac_cold_start_213_v2.log,3,-4.421969,4.000000,2.000000,4.000000,0.836435,0.311339,168.66,250,11520
sac_cold_start_213_v2.log,4,-4.414682,3.000000,2.000000,4.000000,0.836435,0.311339,168.66,276,15360
sac_dense_215.log,1,-4.370780,3.000000,1.000000,3.000000,0.764718,0.311339,145.62,128,3840
sac_dense_215.log,2,-4.345193,4.000000,1.000000,3.000000,0.766422,0.311339,146.17,171,7680
sac_dense_215.log,3,-4.338249,4.000000,1.000000,3.000000,0.768018,0.311339,146.68,199,11520
sac_dense_215.log,4,-4.335480,4.000000,1.000000,3.000000,0.768018,0.311339,146.68,220,15360
sac_final_v2.log,1,0.310722,2.000000,0.000000,2.000000,0.311339,0.311339,0.00,128,1
sac_final_v2.log,2,0.310722,2.000000,0.000000,2.000000,0.311339,0.311339,0.00,128,2
sac_final_v2.log,3,0.310722,2.000000,0.000000,2.000000,0.311339,0.311339,0.00,128,3
sac_final_v2.log,4,0.310722,2.000000,0.000000,2.000000,0.311339,0.311339,0.00,128,4
sac_final_v2.log,5,0.310722,2.000000,0.000000,2.000000,0.311339,0.311339,0.00,128,5
sac_final_v2.log,6,0.310722,2.000000,0.000000,2.000000,0.311339,0.311339,0.00,128,6
sac_final_v2.log,7,0.310722,2.000000,0.000000,2.000000,0.311339,0.311339,0.00,128,7
sac_final_v2.log,8,0.310722,2.000000,0.000000,2.000000,0.311339,0.311339,0.00,128,8
sac_final_v2.log,9,0.310722,2.000000,0.000000,2.000000,0.311339,0.311339,0.00,128,9
sac_final_v2.log,10,0.310722,2.000000,0.000000,2.000000,0.311339,0.311339,0.00,128,10
sac_final_v2.log,11,0.310722,2.000000,0.000000,2.000000,0.311339,0.311339,0.00,128,11
sac_final_v2.log,12,0.310722,2.000000,0.000000,2.000000,0.311339,0.311339,0.00,128,12
sac_final_v2.log,13,0.310722,2.000000,0.000000,2.000000,0.311339,0.311339,0.00,128,13
sac_final_v2.log,14,0.310722,2.000000,0.000000,2.000000,0.311339,0.311339,0.00,128,14
sac_final_v2.log,15,0.310722,2.000000,0.000000,2.000000,0.311339,0.311339,0.00,128,15
sac_final_v2.log,16,0.310722,2.000000,0.000000,2.000000,0.311339,0.311339,0.00,128,15
sac_final_v2.log,17,0.310722,2.000000,0.000000,2.000000,0.311339,0.311339,0.00,128,16
sac_final_v2.log,18,0.310722,2.000000,0.000000,2.000000,0.311339,0.311339,0.00,128,17
sac_final_v2.log,19,0.310722,2.000000,0.000000,2.000000,0.311339,0.311339,0.00,128,18
sac_final_v2.log,20,0.310722,2.000000,0.000000,2.000000,0.311339,0.311339,0.00,128,19
sac_final_v2.log,21,0.310722,2.000000,0.000000,2.000000,0.311339,0.311339,0.00,128,20
sac_final_v2.log,22,0.310722,2.000000,0.000000,2.000000,0.311339,0.311339,0.00,128,21
sac_final_v2.log,23,0.310722,2.000000,0.000000,2.000000,0.311339,0.311339,0.00,128,22
sac_final_v2.log,24,0.310722,2.000000,0.000000,2.000000,0.311339,0.311339,0.00,128,23
sac_fresh.log,1,-4.480017,2.000000,0.000000,2.000000,0.311339,0.311339,0.00,128,1
sac_fresh.log,2,-4.480017,2.000000,0.000000,2.000000,0.311339,0.311339,0.00,128,2
sac_fresh.log,3,-4.480017,2.000000,0.000000,2.000000,0.311339,0.311339,0.00,128,3
sac_fresh.log,4,-4.480017,2.000000,0.000000,2.000000,0.311339,0.311339,0.00,128,4
sac_fresh.log,5,-4.480017,2.000000,0.000000,2.000000,0.311339,0.311339,0.00,128,5
sac_fresh.log,6,-4.480017,2.000000,0.000000,2.000000,0.311339,0.311339,0.00,128,6
sac_fresh.log,7,-4.480017,2.000000,0.000000,2.000000,0.311339,0.311339,0.00,128,7
sac_fresh.log,8,-4.480017,2.000000,0.000000,2.000000,0.311339,0.311339,0.00,128,8
sac_fresh.log,9,-4.480017,2.000000,0.000000,2.000000,0.311339,0.311339,0.00,128,9
sac_fresh.log,10,-4.480017,2.000000,0.000000,2.000000,0.311339,0.311339,0.00,128,10
sac_fresh.log,11,-4.480017,2.000000,0.000000,2.000000,0.311339,0.311339,0.00,128,11
sac_fresh.log,12,-4.480017,2.000000,0.000000,2.000000,0.311339,0.311339,0.00,128,12
sac_fresh.log,13,-4.480017,2.000000,0.000000,2.000000,0.311339,0.311339,0.00,128,13
sac_fresh.log,14,-4.480017,2.000000,0.000000,2.000000,0.311339,0.311339,0.00,128,14
sac_fresh.log,15,-4.480017,2.000000,0.000000,2.000000,0.311339,0.311339,0.00,128,15
sac_fresh.log,16,-4.480017,2.000000,0.000000,2.000000,0.311339,0.311339,0.00,128,15
sac_fresh.log,17,-4.480017,2.000000,0.000000,2.000000,0.311339,0.311339,0.00,128,16
sac_fresh.log,18,-4.480017,2.000000,0.000000,2.000000,0.311339,0.311339,0.00,128,17
sac_fresh.log,19,-4.480017,2.000000,0.000000,2.000000,0.311339,0.311339,0.00,128,18
sac_fresh.log,20,-4.480017,2.000000,0.000000,2.000000,0.311339,0.311339,0.00,128,19
sac_fresh.log,21,-4.480017,2.000000,0.000000,2.000000,0.311339,0.311339,0.00,128,20
sac_fresh.log,22,-4.480017,2.000000,0.000000,2.000000,0.311339,0.311339,0.00,128,21
sac_fresh.log,23,-4.480017,2.000000,0.000000,2.000000,0.311339,0.311339,0.00,128,22
sac_fresh.log,24,-4.480017,2.000000,0.000000,2.000000,0.311339,0.311339,0.00,128,23
sac_fresh.log,25,-4.480017,2.000000,0.000000,2.000000,0.311339,0.311339,0.00,128,24
sac_fresh.log,26,-4.480017,2.000000,0.000000,2.000000,0.311339,0.311339,0.00,128,25
sac_fresh.log,27,-4.480017,2.000000,0.000000,2.000000,0.311339,0.311339,0.00,128,26
sac_fresh.log,28,-4.480017,2.000000,0.000000,2.000000,0.311339,0.311339,0.00,128,27
sac_fresh.log,29,-4.480017,2.000000,0.000000,2.000000,0.311339,0.311339,0.00,128,28
sac_fresh.log,30,-4.480017,2.000000,0.000000,2.000000,0.311339,0.311339,0.00,128,29
sac_fresh.log,31,-4.480017,2.000000,0.000000,2.000000,0.311339,0.311339,0.00,128,30
sac_fresh.log,32,-4.480017,2.000000,0.000000,2.000000,0.311339,0.311339,0.00,128,30
sac_fresh.log,33,-4.480017,2.000000,0.000000,2.000000,0.311339,0.311339,0.00,128,31
sac_fresh.log,34,-4.480017,2.000000,0.000000,2.000000,0.311339,0.311339,0.00,128,32
sac_fresh.log,35,-4.480017,2.000000,0.000000,2.000000,0.311339,0.311339,0.00,128,33
sac_fresh.log,36,-4.480017,2.000000,0.000000,2.000000,0.311339,0.311339,0.00,128,34
sac_fresh.log,37,-4.480017,2.000000,0.000000,2.000000,0.311339,0.311339,0.00,128,35
sac_fresh.log,38,-4.480017,2.000000,0.000000,2.000000,0.311339,0.311339,0.00,128,36
sac_fresh.log,39,-4.480017,2.000000,0.000000,2.000000,0.311339,0.311339,0.00,128,37
sac_fresh.log,40,-4.480017,2.000000,0.000000,2.000000,0.311339,0.311339,0.00,128,38
sac_fresh.log,41,-4.480017,2.000000,0.000000,2.000000,0.311339,0.311339,0.00,128,39
sac_fresh.log,42,-4.480017,2.000000,0.000000,2.000000,0.311339,0.311339,0.00,128,40
sac_high_delta_210.log,1,-4.375071,3.000000,1.000000,3.000000,0.760698,0.311339,144.33,128,3840
sac_high_delta_210.log,2,-4.359831,3.000000,1.000000,3.000000,0.763990,0.311339,145.39,176,7680
sac_high_delta_210.log,3,-4.326694,3.000000,1.000000,3.000000,0.763990,0.311339,145.39,212,11520
sac_high_delta_210.log,4,-4.331242,3.000000,1.000000,3.000000,0.763990,0.311339,145.39,224,15360
sac_high_entropy_212.log,1,-4.360733,3.000000,1.000000,3.000000,0.764965,0.311339,145.70,128,3840
sac_high_entropy_212.log,2,-4.341040,3.000000,1.000000,3.000000,0.764965,0.311339,145.70,184,7680
sac_high_entropy_212.log,3,-4.320611,3.000000,1.000000,3.000000,0.766539,0.311339,146.21,226,11520
sac_high_entropy_212.log,4,-4.315161,4.000000,1.000000,3.000000,0.766539,0.311339,146.21,243,15360
sac_isolated.log,1,0.310722,2.000000,0.000000,2.000000,0.311339,0.311339,0.00,128,1
sac_isolated.log,2,0.310722,2.000000,0.000000,2.000000,0.311339,0.311339,0.00,128,2
sac_isolated.log,3,0.310722,2.000000,0.000000,2.000000,0.311339,0.311339,0.00,128,3
sac_isolated.log,4,0.310722,2.000000,0.000000,2.000000,0.311339,0.311339,0.00,128,4
sac_isolated.log,5,0.310722,2.000000,0.000000,2.000000,0.311339,0.311339,0.00,128,5
sac_isolated.log,6,0.310722,2.000000,0.000000,2.000000,0.311339,0.311339,0.00,128,6
sac_isolated.log,7,0.310722,2.000000,0.000000,2.000000,0.311339,0.311339,0.00,128,7
sac_isolated.log,8,0.310722,2.000000,0.000000,2.000000,0.311339,0.311339,0.00,128,8
sac_isolated.log,9,0.310722,2.000000,0.000000,2.000000,0.311339,0.311339,0.00,128,9
sac_isolated.log,10,0.310722,2.000000,0.000000,2.000000,0.311339,0.311339,0.00,128,10
sac_isolated.log,11,0.310722,2.000000,0.000000,2.000000,0.311339,0.311339,0.00,128,11
sac_isolated.log,12,0.310722,2.000000,0.000000,2.000000,0.311339,0.311339,0.00,128,12
sac_isolated.log,13,0.310722,2.000000,0.000000,2.000000,0.311339,0.311339,0.00,128,13
sac_run.log,1,-4.480017,2.000000,0.000000,2.000000,0.311339,0.311339,0.00,128,1
sac_run.log,2,-4.480017,2.000000,0.000000,2.000000,0.311339,0.311339,0.00,128,2
sac_run.log,3,-4.480017,2.000000,0.000000,2.000000,0.311339,0.311339,0.00,128,3
sac_run.log,4,-4.480017,2.000000,0.000000,2.000000,0.311339,0.311339,0.00,128,4
sac_run.log,5,-4.480017,2.000000,0.000000,2.000000,0.311339,0.311339,0.00,128,5
sac_run.log,6,-4.480017,2.000000,0.000000,2.000000,0.311339,0.311339,0.00,128,6
sac_run.log,7,-4.480017,2.000000,0.000000,2.000000,0.311339,0.311339,0.00,128,7
sac_run.log,8,-4.480017,2.000000,0.000000,2.000000,0.311339,0.311339,0.00,128,8
sac_run.log,9,-4.480017,2.000000,0.000000,2.000000,0.311339,0.311339,0.00,128,9
sac_run.log,10,-4.480017,2.000000,0.000000,2.000000,0.311339,0.311339,0.00,128,10
sac_run.log,11,-4.480017,2.000000,0.000000,2.000000,0.311339,0.311339,0.00,128,11
sac_run.log,12,-4.480017,2.000000,0.000000,2.000000,0.311339,0.311339,0.00,128,12
sac_run.log,13,-4.480017,2.000000,0.000000,2.000000,0.311339,0.311339,0.00,128,13
sac_run.log,14,-4.480017,2.000000,0.000000,2.000000,0.311339,0.311339,0.00,128,14
sac_run.log,15,-4.480017,2.000000,0.000000,2.000000,0.311339,0.311339,0.00,128,15
sac_run.log,16,-4.480017,2.000000,0.000000,2.000000,0.311339,0.311339,0.00,128,15
sac_run.log,17,-4.480017,2.000000,0.000000,2.000000,0.311339,0.311339,0.00,128,16
sac_run.log,18,-4.480017,2.000000,0.000000,2.000000,0.311339,0.311339,0.00,128,17
sac_run.log,19,-4.480017,2.000000,0.000000,2.000000,0.311339,0.311339,0.00,128,18
sac_run.log,20,-4.480017,2.000000,0.000000,2.000000,0.311339,0.311339,0.00,128,19
sac_run.log,21,-4.480017,2.000000,0.000000,2.000000,0.311339,0.311339,0.00,128,20
sac_run.log,22,-4.480017,2.000000,0.000000,2.000000,0.311339,0.311339,0.00,128,21
sac_run.log,23,-4.480017,2.000000,0.000000,2.000000,0.311339,0.311339,0.00,128,22
sac_run.log,24,-4.480017,2.000000,0.000000,2.000000,0.311339,0.311339,0.00,128,23
sac_run.log,25,-4.480017,2.000000,0.000000,2.000000,0.311339,0.311339,0.00,128,24
sac_run.log,26,-4.480017,2.000000,0.000000,2.000000,0.311339,0.311339,0.00,128,25
sac_run.log,27,-4.480017,2.000000,0.000000,2.000000,0.311339,0.311339,0.00,128,26
sac_run.log,28,-4.480017,2.000000,0.000000,2.000000,0.311339,0.311339,0.00,128,27
sac_run.log,29,-4.480017,2.000000,0.000000,2.000000,0.311339,0.311339,0.00,128,28
sac_run.log,30,-4.480017,2.000000,0.000000,2.000000,0.311339,0.311339,0.00,128,29
sac_run.log,31,-4.480017,2.000000,0.000000,2.000000,0.311339,0.311339,0.00,128,30
sac_run.log,32,-4.480017,2.000000,0.000000,2.000000,0.311339,0.311339,0.00,128,30
sac_run.log,33,-4.480017,2.000000,0.000000,2.000000,0.311339,0.311339,0.00,128,31
sac_run.log,34,-4.480017,2.000000,0.000000,2.000000,0.311339,0.311339,0.00,128,32
sac_run.log,35,-4.480017,2.000000,0.000000,2.000000,0.311339,0.311339,0.00,128,33
sac_run.log,36,-4.480017,2.000000,0.000000,2.000000,0.311339,0.311339,0.00,128,34
sac_run.log,37,-4.480017,2.000000,0.000000,2.000000,0.311339,0.311339,0.00,128,35
sac_run.log,38,-4.480017,2.000000,0.000000,2.000000,0.311339,0.311339,0.00,128,36
sac_run.log,39,-4.480017,2.000000,0.000000,2.000000,0.311339,0.311339,0.00,128,37
sac_run.log,40,-4.480017,2.000000,0.000000,2.000000,0.311339,0.311339,0.00,128,38
sac_run.log,41,-4.480017,2.000000,0.000000,2.000000,0.311339,0.311339,0.00,128,39
sac_run.log,42,-4.480017,2.000000,0.000000,2.000000,0.311339,0.311339,0.00,128,40
sac_run.log,43,-4.480017,2.000000,0.000000,2.000000,0.311339,0.311339,0.00,128,41
sac_run.log,44,-4.480017,2.000000,0.000000,2.000000,0.311339,0.311339,0.00,128,42
sac_run.log,45,-4.480017,2.000000,0.000000,2.000000,0.311339,0.311339,0.00,128,43
sac_run.log,46,-4.480017,2.000000,0.000000,2.000000,0.311339,0.311339,0.00,128,44
sac_run.log,47,-4.480017,2.000000,0.000000,2.000000,0.311339,0.311339,0.00,128,45
sac_run.log,48,-4.480017,2.000000,0.000000,2.000000,0.311339,0.311339,0.00,128,45
sac_run.log,49,-4.480017,2.000000,0.000000,2.000000,0.311339,0.311339,0.00,128,46
sac_run.log,50,-4.480017,2.000000,0.000000,2.000000,0.311339,0.311339,0.00,128,47
sac_run.log,51,-4.480017,2.000000,0.000000,2.000000,0.311339,0.311339,0.00,128,48
sac_run.log,52,-4.480017,2.000000,0.000000,2.000000,0.311339,0.311339,0.00,128,49
sac_run.log,53,-4.480017,2.000000,0.000000,2.000000,0.311339,0.311339,0.00,128,50
sac_run.log,54,-4.480017,2.000000,0.000000,2.000000,0.311339,0.311339,0.00,128,51
sac_run.log,55,-4.480017,2.000000,0.000000,2.000000,0.311339,0.311339,0.00,128,52
sac_run.log,56,-4.480017,2.000000,0.000000,2.000000,0.311339,0.311339,0.00,128,53
sac_run.log,57,-4.480017,2.000000,0.000000,2.000000,0.311339,0.311339,0.00,128,54
sac_run.log,58,-4.480017,2.000000,0.000000,2.000000,0.311339,0.311339,0.00,128,55
sac_run.log,59,-4.480017,2.000000,0.000000,2.000000,0.311339,0.311339,0.00,128,56
sac_unconstrained_211.log,1,-4.372573,3.000000,1.000000,3.000000,0.763103,0.311339,145.10,128,3840
sac_unconstrained_211.log,2,-4.354434,3.000000,1.000000,3.000000,0.809917,0.311339,160.14,168,7680
sac_unconstrained_211.log,3,-4.346362,3.000000,1.000000,3.000000,0.809917,0.311339,160.14,191,11520
sac_unconstrained_211.log,4,-4.341018,3.000000,1.000000,3.000000,0.809917,0.311339,160.14,209,15360
