position,residue,shannon_entropy
32,G,0.0
38,P,0.0
39,W,0.0
95,M,0.0
104,P,0.0
30,G,0.03188153
185,D,0.033457278
67,K,0.044819624
115,N,0.056700133
156,G,0.056700133
176,T,0.056700133
91,N,0.088529733
96,G,0.088529733
109,P,0.088529733
110,L,0.088529733
71,Y,0.089580528
100,W,0.099222085
68,R,0.1334398
157,G,0.135380162
161,Y,0.152110298
37,L,0.168050782
102,S,0.183860992
113,R,0.220859264
53,T,0.232367524
153,F,0.252529806
119,S,0.261035916
49,F,0.263728167
144,L,0.293979915
46,M,0.298119658
188,F,0.298584037
97,R,0.298904265
103,I,0.304658079
93,V,0.310468849
165,L,0.334089401
72,L,0.360569712
184,C,0.372844444
177,R,0.379319024
35,G,0.387005186
48,Y,0.460441134
45,D,0.467834244
52,V,0.467987383
155,L,0.48222263
178,I,0.505584212
189,P,0.53366769
4,A,0.562952514
8,C,0.572242043
75,E,0.573719253
2,I,0.614021739
6,C,0.62214994
11,V,0.62396087
214,F,0.626968261
5,I,0.635356996
154,I,0.645540994
116,V,0.664395085
7,V,0.679024865
1,D,0.689340582
31,L,0.696225338
108,K,0.745850863
65,K,0.761909059
66,Y,0.770694807
187,F,0.780922616
40,K,0.781574493
201,V,0.793609991
64,L,0.799638313
173,I,0.806707304
70,K,0.808570926
10,K,0.816743288
9,C,0.8206192
121,T,0.829600467
92,V,0.832708094
117,I,0.833044278
3,Y,0.856803704
140,L,0.861555734
118,L,0.865909634
174,Y,0.882051927
56,V,0.8939942
101,E,0.901695903
219,K,0.921518751
160,V,0.930426542
77,V,0.946343117
94,V,0.950698416
151,K,0.96909159
23,F,0.969696973
182,Y,0.988938733
74,K,0.994608535
47,K,0.996984378
114,I,1.000281367
158,S,1.00857413
107,F,1.024303271
186,V,1.027410776
169,L,1.030398405
69,C,1.046595955
120,R,1.074653755
175,F,1.076727813
54,T,1.08482117
42,I,1.085997567
141,I,1.093347409
133,I,1.095942063
131,V,1.103379481
163,E,1.106406146
171,K,1.117413659
217,Y,1.127229678
112,N,1.145719789
200,S,1.149320624
43,S,1.15072687
106,K,1.159847235
202,S,1.167243673
139,D,1.17798465
152,C,1.179737968
136,K,1.189585625
58,E,1.192928443
33,N,1.202293954
55,Y,1.207762533
79,N,1.21631678
29,R,1.216941684
150,Y,1.245575049
190,E,1.255485927
125,E,1.26208981
90,Q,1.291199142
99,N,1.295780274
147,L,1.296586278
76,T,1.30804027
34,K,1.310762741
179,N,1.312853794
212,L,1.313192515
137,V,1.316366621
27,T,1.318270923
63,K,1.322177079
19,K,1.330232195
61,Y,1.338704448
170,I,1.34222776
213,D,1.342481837
143,L,1.349258851
88,K,1.357713146
134,I,1.358296291
80,V,1.359670697
105,K,1.361774759
210,T,1.36562395
138,E,1.382447373
196,Y,1.4011455
122,L,1.408994528
28,F,1.411004971
73,N,1.41119779
41,R,1.411666472
183,E,1.414911132
16,E,1.415527818
51,A,1.43962843
129,E,1.442838304
126,D,1.442845737
204,V,1.457150033
146,K,1.460216909
78,D,1.462044318
89,L,1.468414184
85,N,1.474798159
164,F,1.492020521
208,N,1.494897043
209,N,1.502114229
21,E,1.515876584
197,Q,1.521290271
207,S,1.524750358
98,T,1.529337254
193,E,1.535448247
50,R,1.565720233
130,D,1.575944911
149,Y,1.577060227
60,K,1.577518645
216,I,1.578734011
59,S,1.581365293
62,E,1.583889929
199,I,1.584132171
20,N,1.597820334
172,K,1.613834299
81,N,1.617513269
198,I,1.62174871
167,K,1.624031867
191,I,1.625850156
24,N,1.631124217
159,V,1.634220136
124,K,1.645863303
57,N,1.663083884
192,N,1.674445414
13,S,1.686060143
123,K,1.689813279
17,G,1.716573022
26,Y,1.726821335
44,L,1.731849317
168,K,1.753248832
203,D,1.763579384
84,P,1.768450194
180,S,1.775168673
111,S,1.786049002
36,V,1.791816483
205,Y,1.792848151
128,D,1.799209749
15,N,1.801635987
12,E,1.80413912
22,V,1.82928392
132,Y,1.839314042
127,F,1.852388867
162,Q,1.854721898
25,N,1.892126435
86,S,1.892868597
218,K,1.895487887
145,G,1.898401115
166,E,1.920639034
142,V,1.921003677
18,K,1.932655666
14,K,1.95012963
135,N,1.964177725
181,T,1.965666478
195,E,1.969888714
215,I,1.971637336
206,T,2.011308007
148,N,2.06428697
194,N,2.096142263
83,M,2.105096823
211,T,2.143378144
87,K,2.185419727
82,D,2.201789496
